Season,Sibship,Temp,Sib_ID,Ref_date,Avg_age,DTG,DPG,Pop_size
Aug,BMR5_A1,21.55,BMR5_A1_H,1/31/22,32.41176471,24.30434,8.10742471,17
Aug,BMR5_B1,21.55,BMR5_B1_H,1/31/22,29.76190476,24.30434,5.45756476,21
Aug,BMR5_B2,21.55,BMR5_B2_H,1/31/22,27.42857143,24.30434,3.12423143,35
Aug,BMR5_B3,21.55,BMR5_B3_H,1/31/22,36.6,24.30434,12.29566,25
Aug,BMR5_A2,21.55,BMR5_A2_H,1/31/22,45,24.30434,20.69566,7
Aug,BMR5_A3,21.55,BMR5_A3_H,1/31/22,37.30769231,24.30434,13.00335231,13
Aug,BMR5_A4,21.55,BMR5_A4_H,1/31/22,28.87804878,24.30434,4.57370878,41
Aug,BMR5_B4,21.55,BMR5_B4_H,1/31/22,48,24.30434,23.69566,4
Aug,BMR5_B4B,21.55,BMR5_B4B_H,1/31/22,24.55102041,24.30434,0.24668041,49
Aug,BMR5_C3,21.55,BMR5_C3_H,1/31/22,26.08823529,24.30434,1.78389529,34
Aug,BMR5_C1,21.55,BMR5_C1_H,1/31/22,35.20833333,24.30434,10.90399333,24
Aug,BMR5_C2,21.55,BMR5_C2_H,1/31/22,34.75,24.30434,10.44566,24
Aug,BMR5_C4,21.55,BMR5_C4_H,1/31/22,21.07142857,24.30434,-3.23291143,61
Aug,BMR1_A1,21.55,BMR1_A1_H,1/31/22,33.56,24.30434,9.25566,25
Aug,BMR1_A2,21.55,BMR1_A2_H,1/31/22,38.28571429,24.30434,13.98137429,14
Aug,BMR1_A3,21.55,BMR1_A3_H,1/31/22,30.28571429,24.30434,5.98137429,21
Aug,BMR1_A4,21.55,BMR1_A4_H,1/31/22,27.88888889,24.30434,3.58454889,27
Aug,BMR1_B1,21.55,BMR1_B1_H,1/31/22,34.125,24.30434,9.82066,16
Aug,BMR1_B2,21.55,BMR1_B2_H,1/31/22,37,24.30434,12.69566,12
Aug,BMR1_B3,21.55,BMR1_B3_H,1/31/22,39,24.30434,14.69566,4
Aug,BMR1_B4,21.55,BMR1_B4_H,1/31/22,36.52941176,24.30434,12.22507176,17
Aug,BMR1_C1,21.55,BMR1_C1_H,1/31/22,36.6,24.30434,12.29566,10
Aug,BMR1_C2,21.55,BMR1_C2_H,1/31/22,25.2972973,24.30434,0.9929573,37
Aug,BMR1_C3,21.55,BMR1_C3_H,1/31/22,38.42857143,24.30434,14.12423143,21
Aug,BMR1_C4,21.55,BMR1_C4_H,1/31/22,28.88888889,24.30434,4.58454889,27
Aug,SC2_A1,21.55,SC2_A1_H,1/31/22,42.5,26.3913,16.1087,24
Aug,SC2_B1,21.55,SC2_B1_H,1/31/22,35.81818182,26.3913,9.42688182,22
Aug,SC2_B2,21.55,SC2_B2_H,1/31/22,27.03846154,26.3913,0.64716154,52
Aug,SC2_B3,21.55,SC2_B3_H,1/31/22,28.06896552,26.3913,1.67766552,29
Aug,SC2_C1,21.55,SC2_C1_H,1/31/22,32.83050847,26.3913,6.43920847,59
Aug,SC2_C2,21.55,SC2_C2_H,1/31/22,27.34848485,26.3913,0.95718485,66
Aug,SC2_A3,21.55,SC2_A3_H,1/31/22,25.65517241,26.3913,-0.73612759,29
Aug,SC2_C3,21.55,SC2_C3_H,1/31/22,31.77358491,26.3913,5.38228491,53
Aug,SC2_C4,21.55,SC2_C4_H,1/31/22,34.71428571,26.3913,8.32298571,7
Aug,SC2_A4,21.55,SC2_A4_H,1/31/22,35.26666667,26.3913,8.87536667,30
Aug,SC2_B4,21.55,SC2_B4_H,1/31/22,31.94285714,26.3913,5.55155714,70
Aug,RMR3_A2,21.55,RMR3_A2_H,1/31/22,31.08,25.08696,5.99304,25
Aug,RMR3_B1,21.55,RMR3_B1_H,1/31/22,32.18181818,25.08696,7.09485818,22
Aug,RMR3_A1,21.55,RMR3_A1_H,1/31/22,29.65909091,25.08696,4.57213091,44
Aug,RMR3_A4,21.55,RMR3_A4_H,1/31/22,28.21568627,25.08696,3.12872627,51
Aug,RMR3_A3,21.55,RMR3_A3_H,1/31/22,31,25.08696,5.91304,26
Aug,RMR3_B2,21.55,RMR3_B2_H,1/31/22,36.59574468,25.08696,11.50878468,47
Aug,RMR3_B3,21.55,RMR3_B3_H,1/31/22,35.94202899,25.08696,10.85506899,69
Aug,RMR3_B4,21.55,RMR3_B4_H,1/31/22,31.125,25.08696,6.03804,56
Aug,RMR3_C3,21.55,RMR3_C3_H,1/31/22,29.11538462,25.08696,4.02842462,52
Aug,RMR3_C4,21.55,RMR3_C4_H,1/31/22,30.56410256,25.08696,5.47714256,78
Aug,RMR3_C1,21.55,RMR3_C1_H,1/31/22,29.09638554,25.08696,4.00942554,83
Aug,RMR3_C2,21.55,RMR3_C2_H,1/31/22,39.2,25.08696,14.11304,10
Aug,RMR5_A1,21.55,RMR5_A1_H,1/31/22,36.82352941,25.08696,11.73656941,17
Aug,RMR5_A2,21.55,RMR5_A2_H,1/31/22,43,25.08696,17.91304,3
Aug,RMR5_A4,21.55,RMR5_A4_H,1/31/22,40,25.08696,14.91304,5
Aug,RMR5_B1,21.55,RMR5_B1_H,1/31/22,39.6,25.08696,14.51304,5
Aug,RMR5_B2,21.55,RMR5_B2_H,1/31/22,36.57142857,25.08696,11.48446857,7
Aug,RMR5_B3,21.55,RMR5_B3_H,1/31/22,33.07692308,25.08696,7.98996308,26
Aug,RMR5_B4,21.55,RMR5_B4_H,1/31/22,43,25.08696,17.91304,7
Aug,RMR5_A3,21.55,RMR5_A3_H,1/31/22,46,25.08696,20.91304,3
Aug,RMR5_A3B,21.55,RMR5_A3B_H,1/31/22,33.58333333,25.08696,8.49637333,24
Aug,RMR5_C1,21.55,RMR5_C1_H,1/31/22,38.44444444,25.08696,13.35748444,18
Aug,RMR5_C2,21.55,RMR5_C2_H,1/31/22,43,25.08696,17.91304,3
Aug,RMR5_C3,21.55,RMR5_C3_H,1/31/22,41.2,25.08696,16.11304,5
Aug,RMR5_C4,21.55,RMR5_C4_H,1/31/22,38,25.08696,12.91304,8
Aug,PTD2_B1,21.55,PTD2_B1_H,1/31/22,34.71428571,26.36957,8.34471571,14
Aug,PTD2_B2,21.55,PTD2_B2_H,1/31/22,28.44,26.36957,2.07043,25
Aug,PTD2_B3,21.55,PTD2_B3_H,1/31/22,24.28125,26.36957,-2.08832,32
Aug,PTD2_B4,21.55,PTD2_B4_H,1/31/22,33.3,26.36957,6.93043,40
Aug,PTD2_C1,21.55,PTD2_C1_H,1/31/22,46,26.36957,19.63043,4
Aug,PTD2_C2,21.55,PTD2_C2_H,1/31/22,33.5,26.36957,7.13043,12
Aug,PTD2_C3,21.55,PTD2_C3_H,1/31/22,29.82352941,26.36957,3.45395941,34
Aug,PTD2_C4,21.55,PTD2_C4_H,1/31/22,32.76470588,26.36957,6.39513588,51
Aug,PTD2_A1,21.55,PTD2_A1_H,1/31/22,38.22222222,26.36957,11.85265222,9
Aug,PTD2_A2,21.55,PTD2_A2_H,1/31/22,33.14634146,26.36957,6.77677146,41
Aug,PTD2_A3,21.55,PTD2_A3_H,1/31/22,33.17142857,26.36957,6.80185857,35
Aug,PTD2_A4,21.55,PTD2_A4_H,1/31/22,31.23076923,26.36957,4.86119923,13
Aug,PTD3_A1,21.55,PTD3_A1_H,1/31/22,29.92307692,26.36957,3.55350692,26
Aug,PTD3_A3,21.55,PTD3_A3_H,1/31/22,28.11764706,26.36957,1.74807706,17
Aug,PTD3_A4,21.55,PTD3_A4_H,1/31/22,45,26.36957,18.63043,6
Aug,PTD3_C1,21.55,PTD3_C1_H,1/31/22,46,26.36957,19.63043,10
Aug,PTD3_C1B,21.55,PTD3_C1B_H,1/31/22,29.6,26.36957,3.23043,10
Aug,PTD3_A2,21.55,PTD3_A2_H,1/31/22,33.52380952,26.36957,7.15423952,21
Aug,PTD3_B1,21.55,PTD3_B1_H,1/31/22,34.225,26.36957,7.85543,40
Aug,PTD3_B2,21.55,PTD3_B2_H,1/31/22,36.16666667,26.36957,9.79709667,24
Aug,PTD3_B3,21.55,PTD3_B3_H,1/31/22,32,26.36957,5.63043,34
Aug,PTD3_B4,21.55,PTD3_B4_H,1/31/22,32.39285714,26.36957,6.02328714,28
Aug,PTD3_C2,21.55,PTD3_C2_H,1/31/22,34.4,26.36957,8.03043,25
Aug,PTD3_C3,21.55,PTD3_C3_H,1/31/22,22.57142857,26.36957,-3.79814143,7
Aug,PTD3_C4,21.55,PTD3_C4_H,1/31/22,32.27272727,26.36957,5.90315727,33
Aug,BMR2_A1,21.55,BMR2_A1_H,1/31/22,29.58333333,24.30434,5.27899333,48
Aug,BMR2_A2,21.55,BMR2_A2_H,1/31/22,45,24.30434,20.69566,13
Aug,BMR2_A2B,21.55,BMR2_A2B_H,1/31/22,25,24.30434,0.69566,24
Aug,BMR2_A3,21.55,BMR2_A3_H,1/31/22,32.725,24.30434,8.42066,40
Aug,BMR2_A4,21.55,BMR2_A4_H,1/31/22,17.92682927,24.30434,-6.37751073,41
Aug,BMR2_B1,21.55,BMR2_B1_H,1/31/22,27.1875,24.30434,2.88316,48
Aug,BMR2_B2,21.55,BMR2_B2_H,1/31/22,41,24.30434,16.69566,8
Aug,BMR2_B3,21.55,BMR2_B3_H,1/31/22,44,24.30434,19.69566,16
Aug,BMR2_B3B,21.55,BMR2_B3B_H,1/31/22,22.89705882,24.30434,-1.40728118,68
Aug,BMR2_B4,21.55,BMR2_B4_H,1/31/22,21.22727273,24.30434,-3.07706727,22
Aug,BMR2_C1,21.55,BMR2_C1_H,1/31/22,31.12149533,24.30434,6.81715533,107
Aug,BMR2_C2,21.55,BMR2_C2_H,1/31/22,35.62790698,24.30434,11.32356698,43
Aug,BMR2_C3,21.55,BMR2_C3_H,1/31/22,41,24.30434,16.69566,11
Aug,BMR2_C3B,21.55,BMR2_C3B_H,1/31/22,20.96774194,24.30434,-3.33659806,31
Aug,BMR2_C4,21.55,BMR2_C4_H,1/31/22,29.13888889,24.30434,4.83454889,36
Aug,SC3_A1,21.55,SC3_A1_H,1/31/22,33.33333333,26.3913,6.94203333,33
Aug,SC3_A2,21.55,SC3_A2_H,1/31/22,29.77586207,26.3913,3.38456207,58
Aug,SC3_A3,21.55,SC3_A3_H,1/31/22,33.15384615,26.3913,6.76254615,26
Aug,SC3_A4,21.55,SC3_A4_H,1/31/22,30.84,26.3913,4.4487,50
Aug,SC3_B1,21.55,SC3_B1_H,1/31/22,38,26.3913,11.6087,26
Aug,SC3_B2,21.55,SC3_B2_H,1/31/22,29.31428571,26.3913,2.92298571,35
Aug,SC3_B3,21.55,SC3_B3_H,1/31/22,26.47222222,26.3913,0.08092222,36
Aug,SC3_B4,21.55,SC3_B4_H,1/31/22,23.25531915,26.3913,-3.13598085,47
Aug,SC3_C1,21.55,SC3_C1_H,1/31/22,32.67924528,26.3913,6.28794528,53
Aug,SC3_C2,21.55,SC3_C2_H,1/31/22,35.83333333,26.3913,9.44203333,24
Aug,SC3_C3,21.55,SC3_C3_H,1/31/22,27.8,26.3913,1.4087,55
Aug,SC3_C4,21.55,SC3_C4_H,1/31/22,31.16981132,26.3913,4.77851132,53
Aug,PTD4_A1,21.55,PTD4_A1_H,1/31/22,34.66666667,26.36957,8.29709667,18
Aug,PTD4_A2,21.55,PTD4_A2_H,1/31/22,45,26.36957,18.63043,1
Aug,PTD4_A3,21.55,PTD4_A3_H,1/31/22,35.2,26.36957,8.83043,5
Aug,PTD4_A4,21.55,PTD4_A4_H,1/31/22,36.88888889,26.36957,10.51931889,9
Aug,PTD4_B1,21.55,PTD4_B1_H,1/31/22,43,26.36957,16.63043,1
Aug,PTD4_B2,21.55,PTD4_B2_H,1/31/22,30.81818182,26.36957,4.44861182,33
Aug,PTD4_B3,21.55,PTD4_B3_H,1/31/22,0,26.36957,-26.36957,0
Aug,PTD4_B4,21.55,PTD4_B4_H,1/31/22,22.7,26.36957,-3.66957,10
Aug,PTD4_C1,21.55,PTD4_C1_H,1/31/22,24.55813953,26.36957,-1.81143047,43
Aug,PTD4_C3,21.55,PTD4_C3_H,1/31/22,32.5,26.36957,6.13043,8
Aug,PTD4_C4,21.55,PTD4_C4_H,1/31/22,31,26.36957,4.63043,12
Aug,RMR4_A1,21.55,RMR4_A1_H,1/31/22,34.03333333,25.08696,8.94637333,30
Aug,RMR4_A2,21.55,RMR4_A2_H,1/31/22,19.04761905,25.08696,-6.03934095,42
Aug,RMR4_A3,21.55,RMR4_A3_H,1/31/22,32.39393939,25.08696,7.30697939,33
Aug,RMR4_A4,21.55,RMR4_A4_H,1/31/22,31.96969697,25.08696,6.88273697,33
Aug,RMR4_B2,21.55,RMR4_B2_H,1/31/22,31.51351351,25.08696,6.42655351,37
Aug,RMR4_B1,21.55,RMR4_B1_H,1/31/22,28.89189189,25.08696,3.80493189,37
Aug,RMR4_B3,21.55,RMR4_B3_H,1/31/22,17,25.08696,-8.08696,16
Aug,RMR4_B4,21.55,RMR4_B4_H,1/31/22,39.2,25.08696,14.11304,10
Aug,RMR4_C1,21.55,RMR4_C1_H,1/31/22,43,25.08696,17.91304,15
Aug,RMR4_C2,21.55,RMR4_C2_H,1/31/22,40.25,25.08696,15.16304,12
Aug,RMR4_C3,21.55,RMR4_C3_H,1/31/22,44,25.08696,18.91304,5
Aug,RMR4_C3B,21.55,RMR4_C3B_H,1/31/22,26,25.08696,0.91304,5
Aug,RMR4_C4,21.55,RMR4_C4_H,1/31/22,41,25.08696,15.91304,1
Aug,RMR4_C4,21.55,RMR4_C4_H,1/31/22,36,25.08696,10.91304,9
Aug,SC1_A1,21.55,SC1_A1_H,1/31/22,0,26.3913,-26.3913,0
Aug,SC1_A2,21.55,SC1_A2_H,1/31/22,30.12121212,26.3913,3.72991212,66
Aug,SC1_A3,21.55,SC1_A3_H,1/31/22,41.33333333,26.3913,14.94203333,12
Aug,SC1_A4,21.55,SC1_A4_H,1/31/22,37.08,26.3913,10.6887,25
Aug,SC1_B1,21.55,SC1_B1_H,1/31/22,30.05555556,26.3913,3.66425556,36
Aug,SC1_B2,21.55,SC1_B2_H,1/31/22,34.60869565,26.3913,8.21739565,23
Aug,SC1_B3,21.55,SC1_B3_H,1/31/22,0,26.3913,-26.3913,0
Aug,SC1_B4,21.55,SC1_B4_H,1/31/22,40.8,26.3913,14.4087,20
Aug,SC1_B4B,21.55,SC1_B4B_H,1/31/22,22.35714286,26.3913,-4.03415714,42
Aug,SC1_C1,21.55,SC1_C1_H,1/31/22,37.05882353,26.3913,10.66752353,34
Aug,SC1_C2,21.55,SC1_C2_H,1/31/22,28.84931507,26.3913,2.45801507,73
Aug,SC1_C3,21.55,SC1_C3_H,1/31/22,29.07692308,26.3913,2.68562308,65
Aug,SC1_C4,21.55,SC1_C4_H,1/31/22,22.71428571,26.3913,-3.67701429,42
Aug,BMR3_A1,21.55,BMR3_A1_H,1/31/22,19.58823529,24.30434,-4.71610471,56
Aug,BMR3_A2,21.55,BMR3_A2_H,1/31/22,28.73333333,24.30434,4.42899333,15
Aug,BMR3_A3,21.55,BMR3_A3_H,1/31/22,24.43478261,24.30434,0.13044261,23
Aug,BMR3_A4,21.55,BMR3_A4_H,1/31/22,27.35,24.30434,3.04566,20
Aug,BMR3_B1,21.55,BMR3_B1_H,1/31/22,30.21212121,24.30434,5.90778121,33
Aug,BMR3_B2,21.55,BMR3_B2_H,1/31/22,25.82608696,24.30434,1.52174696,23
Aug,BMR3_B3,21.55,BMR3_B3_H,1/31/22,25.5,24.30434,1.19566,34
Aug,BMR3_B4,21.55,BMR3_B4_H,1/31/22,20.5,24.30434,-3.80434,32
Aug,BMR3_C1,21.55,BMR3_C1_H,1/31/22,42,24.30434,17.69566,10
Aug,BMR3_C2,21.55,BMR3_C2_H,1/31/22,15.54054054,24.30434,-8.76379946,37
Aug,BMR3_C3,21.55,BMR3_C3_H,1/31/22,21.71428571,24.30434,-2.59005429,35
Aug,BMR3_C4,21.55,BMR3_C4_H,1/31/22,23.46875,24.30434,-0.83559,32
Aug,SC4_A1,21.55,SC4_A1_H,1/31/22,14.23255814,26.3913,-12.15874186,43
Aug,SC4_A2,21.55,SC4_A2_H,1/31/22,24.25,26.3913,-2.1413,30
Aug,SC4_A3,21.55,SC4_A3_H,1/31/22,19.48717949,26.3913,-6.90412051,39
Aug,SC4_A4,21.55,SC4_A4_H,1/31/22,19.04878049,26.3913,-7.34251951,41
Aug,SC4_B1,21.55,SC4_B1_H,1/31/22,20.03333333,26.3913,-6.35796667,30
Aug,SC4_B2,21.55,SC4_B2_H,1/31/22,21.04878049,26.3913,-5.34251951,41
Aug,SC4_B3,21.55,SC4_B3_H,1/31/22,17.61904762,26.3913,-8.77225238,42
Aug,SC4_B4,21.55,SC4_B4_H,1/31/22,21.20689655,26.3913,-5.18440345,29
Aug,SC4_C1,21.55,SC4_C1_H,1/31/22,29.25,26.3913,2.8587,8
Aug,SC4_C2,21.55,SC4_C2_H,1/31/22,18.25714286,26.3913,-8.13415714,35
Aug,SC4_C3,21.55,SC4_C3_H,1/31/22,23.73529412,26.3913,-2.65600588,34
Aug,SC4_C4,21.55,SC4_C4_H,1/31/22,24.70731707,26.3913,-1.68398293,41
Aug,RMR1_A1,21.55,RMR1_A1_H,1/31/22,19.575,25.08696,-5.51196,40
Aug,RMR1_A2,21.55,RMR1_A2_H,1/31/22,26.82352941,25.08696,1.73656941,34
Aug,RMR1_A3,21.55,RMR1_A3_H,1/31/22,37,25.08696,11.91304,7
Aug,RMR1_A4,21.55,RMR1_A4_H,1/31/22,42,25.08696,16.91304,1
Aug,RMR1_A4B,21.55,RMR1_A4B_H,1/31/22,22.89473684,25.08696,-2.19222316,38
Aug,RMR1_B1,21.55,RMR1_B1_H,1/31/22,30.6,25.08696,5.51304,10
Aug,RMR1_B2,21.55,RMR1_B2_H,1/31/22,22.23529412,25.08696,-2.85166588,51
Aug,RMR1_B3,21.55,RMR1_B3_H,1/31/22,35.7,25.08696,10.61304,10
Aug,RMR1_B4,21.55,RMR1_B4_H,1/31/22,29.47826087,25.08696,4.39130087,23
Aug,RMR1_C1,21.55,RMR1_C1_H,1/31/22,28.9,25.08696,3.81304,30
Aug,RMR1_C2,21.55,RMR1_C2_H,1/31/22,35.54545455,25.08696,10.45849455,11
Aug,RMR1_C3,21.55,RMR1_C3_H,1/31/22,24.67647059,25.08696,-0.41048941,34
Aug,RMR1_C4,21.55,RMR1_C4_H,1/31/22,18.0952381,25.08696,-6.9917219,63
Aug,PTD5_A1,21.55,PTD5_A1_H,1/31/22,24.11764706,26.36957,-2.25192294,17
Aug,PTD5_A2,21.55,PTD5_A2_H,1/31/22,23.18367347,26.36957,-3.18589653,49
Aug,PTD5_A3,21.55,PTD5_A3_H,1/31/22,21.8490566,26.36957,-4.5205134,53
Aug,PTD5_A4,21.55,PTD5_A4_H,1/31/22,29.4,26.36957,3.03043,15
Aug,PTD5_B1,21.55,PTD5_B1_H,1/31/22,23.44444444,26.36957,-2.92512556,9
Aug,PTD5_B2,21.55,PTD5_B2_H,1/31/22,26.125,26.36957,-0.24457,32
Aug,PTD5_B3,21.55,PTD5_B3_H,1/31/22,26.4137931,26.36957,0.0442231,29
Aug,PTD5_B4,21.55,PTD5_B4_H,1/31/22,23.37837838,26.36957,-2.99119162,37
Aug,PTD5_C1,21.55,PTD5_C1_H,1/31/22,13.6,26.36957,-12.76957,14
Aug,PTD5_C2,21.55,PTD5_C2_H,1/31/22,31.92307692,26.36957,5.55350692,26
Aug,PTD5_C3,21.55,PTD5_C3_H,1/31/22,29.67857143,26.36957,3.30900143,28
Aug,PTD5_C4,21.55,PTD5_C4_H,1/31/22,32.5,26.36957,6.13043,16
Aug,BMR5_A1,16.42,BMR5_A1_L,1/31/22,31.86666667,30.80434,1.06232667,15
Aug,BMR5_B1,16.42,BMR5_B1_L,1/31/22,29.54545455,30.80434,-1.25888545,22
Aug,BMR5_B2,16.42,BMR5_B2_L,1/31/22,28,30.80434,-2.80434,36
Aug,BMR5_B3,16.42,BMR5_B3_L,1/31/22,36.22222222,30.80434,5.41788222,27
Aug,BMR5_A2,16.42,BMR5_A2_L,1/31/22,45,30.80434,14.19566,8
Aug,BMR5_A3,16.42,BMR5_A3_L,1/31/22,37.30769231,30.80434,6.50335231,13
Aug,BMR5_A4,16.42,BMR5_A4_L,1/31/22,29.02380952,30.80434,-1.78053048,42
Aug,BMR5_B4,16.42,BMR5_B4_L,1/31/22,48,30.80434,17.19566,5
Aug,BMR5_B4B,16.42,BMR5_B4B_L,1/31/22,24.42,30.80434,-6.38434,50
Aug,BMR5_C3,16.42,BMR5_C3_L,1/31/22,26.61111111,30.80434,-4.19322889,36
Aug,BMR5_C1,16.42,BMR5_C1_L,1/31/22,35,30.80434,4.19566,24
Aug,BMR5_C2,16.42,BMR5_C2_L,1/31/22,34.75,30.80434,3.94566,24
Aug,BMR5_C4,16.42,BMR5_C4_L,1/31/22,21.60377358,30.80434,-9.20056642,59
Aug,BMR1_A1,16.42,BMR1_A1_L,1/31/22,33.5,30.80434,2.69566,26
Aug,BMR1_A2,16.42,BMR1_A2_L,1/31/22,38.46153846,30.80434,7.65719846,13
Aug,BMR1_A3,16.42,BMR1_A3_L,1/31/22,30.42857143,30.80434,-0.37576857,21
Aug,BMR1_A4,16.42,BMR1_A4_L,1/31/22,27.53571429,30.80434,-3.26862571,28
Aug,BMR1_B1,16.42,BMR1_B1_L,1/31/22,34.23529412,30.80434,3.43095412,17
Aug,BMR1_B2,16.42,BMR1_B2_L,1/31/22,36.2,30.80434,5.39566,15
Aug,BMR1_B3,16.42,BMR1_B3_L,1/31/22,39,30.80434,8.19566,4
Aug,BMR1_B4,16.42,BMR1_B4_L,1/31/22,36.66666667,30.80434,5.86232667,18
Aug,BMR1_C1,16.42,BMR1_C1_L,1/31/22,36.54545455,30.80434,5.74111455,11
Aug,BMR1_C2,16.42,BMR1_C2_L,1/31/22,25.66666667,30.80434,-5.13767333,36
Aug,BMR1_C3,16.42,BMR1_C3_L,1/31/22,38.05,30.80434,7.24566,20
Aug,BMR1_C4,16.42,BMR1_C4_L,1/31/22,29.11111111,30.80434,-1.69322889,27
Aug,SC2_A1,16.42,SC2_A1_L,1/31/22,42.54545455,28.04348,14.50197455,22
Aug,SC2_B1,16.42,SC2_B1_L,1/31/22,35.27272727,28.04348,7.22924727,22
Aug,SC2_B2,16.42,SC2_B2_L,1/31/22,27.18867925,28.04348,-0.85480075,53
Aug,SC2_B3,16.42,SC2_B3_L,1/31/22,28.62068966,28.04348,0.57720966,29
Aug,SC2_C1,16.42,SC2_C1_L,1/31/22,32.98333333,28.04348,4.93985333,60
Aug,SC2_C2,16.42,SC2_C2_L,1/31/22,27.03125,28.04348,-1.01223,64
Aug,SC2_A3,16.42,SC2_A3_L,1/31/22,26.53333333,28.04348,-1.51014667,30
Aug,SC2_C3,16.42,SC2_C3_L,1/31/22,31.85964912,28.04348,3.81616912,57
Aug,SC2_C4,16.42,SC2_C4_L,1/31/22,33.25,28.04348,5.20652,8
Aug,SC2_A4,16.42,SC2_A4_L,1/31/22,34.86206897,28.04348,6.81858897,29
Aug,SC2_B4,16.42,SC2_B4_L,1/31/22,32.12857143,28.04348,4.08509143,70
Aug,RMR3_A2,16.42,RMR3_A2_L,1/31/22,32.61538462,26.673913,5.94147162,26
Aug,RMR3_B1,16.42,RMR3_B1_L,1/31/22,32.25,26.673913,5.576087,24
Aug,RMR3_A1,16.42,RMR3_A1_L,1/31/22,29.36585366,26.673913,2.69194066,41
Aug,RMR3_A4,16.42,RMR3_A4_L,1/31/22,28.11538462,26.673913,1.44147162,52
Aug,RMR3_A3,16.42,RMR3_A3_L,1/31/22,31.16666667,26.673913,4.49275367,24
Aug,RMR3_B2,16.42,RMR3_B2_L,1/31/22,37.44680851,26.673913,10.77289551,47
Aug,RMR3_B3,16.42,RMR3_B3_L,1/31/22,35.89855072,26.673913,9.22463772,69
Aug,RMR3_B4,16.42,RMR3_B4_L,1/31/22,31.06896552,26.673913,4.39505252,58
Aug,RMR3_C3,16.42,RMR3_C3_L,1/31/22,29.28301887,26.673913,2.60910587,53
Aug,RMR3_C4,16.42,RMR3_C4_L,1/31/22,30.2278481,26.673913,3.5539351,79
Aug,RMR3_C1,16.42,RMR3_C1_L,1/31/22,29.29268293,26.673913,2.61876993,82
Aug,RMR3_C2,16.42,RMR3_C2_L,1/31/22,38,26.673913,11.326087,11
Aug,RMR5_A1,16.42,RMR5_A1_L,1/31/22,36.82352941,26.673913,10.14961641,17
Aug,RMR5_A2,16.42,RMR5_A2_L,1/31/22,43,26.673913,16.326087,4
Aug,RMR5_A4,16.42,RMR5_A4_L,1/31/22,40,26.673913,13.326087,5
Aug,RMR5_B1,16.42,RMR5_B1_L,1/31/22,38,26.673913,11.326087,3
Aug,RMR5_B2,16.42,RMR5_B2_L,1/31/22,37.375,26.673913,10.701087,8
Aug,RMR5_B3,16.42,RMR5_B3_L,1/31/22,32.92307692,26.673913,6.24916392,26
Aug,RMR5_B4,16.42,RMR5_B4_L,1/31/22,43,26.673913,16.326087,8
Aug,RMR5_A3,16.42,RMR5_A3_L,1/31/22,46,26.673913,19.326087,3
Aug,RMR5_A3B,16.42,RMR5_A3B_L,1/31/22,33.84,26.673913,7.166087,25
Aug,RMR5_C1,16.42,RMR5_C1_L,1/31/22,38.11764706,26.673913,11.44373406,17
Aug,RMR5_C2,16.42,RMR5_C2_L,1/31/22,43,26.673913,16.326087,4
Aug,RMR5_C3,16.42,RMR5_C3_L,1/31/22,42,26.673913,15.326087,6
Aug,RMR5_C4,16.42,RMR5_C4_L,1/31/22,38,26.673913,11.326087,8
Aug,PTD2_B1,16.42,PTD2_B1_L,1/31/22,34.71428571,28.52174,6.19254571,14
Aug,PTD2_B2,16.42,PTD2_B2_L,1/31/22,27.69230769,28.52174,-0.82943231,26
Aug,PTD2_B3,16.42,PTD2_B3_L,1/31/22,24.6,28.52174,-3.92174,35
Aug,PTD2_B4,16.42,PTD2_B4_L,1/31/22,32.625,28.52174,4.10326,40
Aug,PTD2_C1,16.42,PTD2_C1_L,1/31/22,46,28.52174,17.47826,4
Aug,PTD2_C2,16.42,PTD2_C2_L,1/31/22,36.42857143,28.52174,7.90683143,14
Aug,PTD2_C3,16.42,PTD2_C3_L,1/31/22,31.60714286,28.52174,3.08540286,28
Aug,PTD2_C4,16.42,PTD2_C4_L,1/31/22,32.87755102,28.52174,4.35581102,49
Aug,PTD2_A1,16.42,PTD2_A1_L,1/31/22,38.22222222,28.52174,9.70048222,9
Aug,PTD2_A2,16.42,PTD2_A2_L,1/31/22,33.61904762,28.52174,5.09730762,42
Aug,PTD2_A3,16.42,PTD2_A3_L,1/31/22,33.61764706,28.52174,5.09590706,34
Aug,PTD2_A4,16.42,PTD2_A4_L,1/31/22,31.23076923,28.52174,2.70902923,13
Aug,PTD3_A1,16.42,PTD3_A1_L,1/31/22,29.11538462,28.52174,0.59364462,26
Aug,PTD3_A3,16.42,PTD3_A3_L,1/31/22,29.47058824,28.52174,0.94884824,17
Aug,PTD3_A4,16.42,PTD3_A4_L,1/31/22,45,28.52174,16.47826,7
Aug,PTD3_C1,16.42,PTD3_C1_L,1/31/22,46,28.52174,17.47826,9
Aug,PTD3_C1B,16.42,PTD3_C1B_L,1/31/22,29.6,28.52174,1.07826,10
Aug,PTD3_A2,16.42,PTD3_A2_L,1/31/22,34.68181818,28.52174,6.16007818,22
Aug,PTD3_B1,16.42,PTD3_B1_L,1/31/22,34.43902439,28.52174,5.91728439,41
Aug,PTD3_B2,16.42,PTD3_B2_L,1/31/22,35.53846154,28.52174,7.01672154,26
Aug,PTD3_B3,16.42,PTD3_B3_L,1/31/22,32,28.52174,3.47826,34
Aug,PTD3_B4,16.42,PTD3_B4_L,1/31/22,32.39285714,28.52174,3.87111714,28
Aug,PTD3_C2,16.42,PTD3_C2_L,1/31/22,34.4,28.52174,5.87826,25
Aug,PTD3_C3,16.42,PTD3_C3_L,1/31/22,22,28.52174,-6.52174,6
Aug,PTD3_C4,16.42,PTD3_C4_L,1/31/22,31.88235294,28.52174,3.36061294,34
Aug,BMR2_A1,16.42,BMR2_A1_L,1/31/22,30.08510638,30.80434,-0.71923362,47
Aug,BMR2_A2,16.42,BMR2_A2_L,1/31/22,45,30.80434,14.19566,14
Aug,BMR2_A2B,16.42,BMR2_A2B_L,1/31/22,24.15384615,30.80434,-6.65049385,26
Aug,BMR2_A3,16.42,BMR2_A3_L,1/31/22,32.8,30.80434,1.99566,40
Aug,BMR2_A4,16.42,BMR2_A4_L,1/31/22,18.2,30.80434,-12.60434,40
Aug,BMR2_B1,16.42,BMR2_B1_L,1/31/22,27.40816327,30.80434,-3.39617673,49
Aug,BMR2_B2,16.42,BMR2_B2_L,1/31/22,41,30.80434,10.19566,9
Aug,BMR2_B3,16.42,BMR2_B3_L,1/31/22,44,30.80434,13.19566,16
Aug,BMR2_B3B,16.42,BMR2_B3B_L,1/31/22,23.02941176,30.80434,-7.77492824,68
Aug,BMR2_B4,16.42,BMR2_B4_L,1/31/22,20.6,30.80434,-10.20434,30
Aug,BMR2_C1,16.42,BMR2_C1_L,1/31/22,31.3047619,30.80434,0.5004219,105
Aug,BMR2_C2,16.42,BMR2_C2_L,1/31/22,35.63636364,30.80434,4.83202364,44
Aug,BMR2_C3,16.42,BMR2_C3_L,1/31/22,41,30.80434,10.19566,11
Aug,BMR2_C3B,16.42,BMR2_C3B_L,1/31/22,20.29032258,30.80434,-10.51401742,31
Aug,BMR2_C4,16.42,BMR2_C4_L,1/31/22,29.22857143,30.80434,-1.57576857,35
Aug,SC3_A1,16.42,SC3_A1_L,1/31/22,34.05882353,28.04348,6.01534353,34
Aug,SC3_A2,16.42,SC3_A2_L,1/31/22,29.86440678,28.04348,1.82092678,59
Aug,SC3_A3,16.42,SC3_A3_L,1/31/22,33.29166667,28.04348,5.24818667,24
Aug,SC3_A4,16.42,SC3_A4_L,1/31/22,30.72,28.04348,2.67652,50
Aug,SC3_B1,16.42,SC3_B1_L,1/31/22,38.22222222,28.04348,10.17874222,27
Aug,SC3_B2,16.42,SC3_B2_L,1/31/22,30,28.04348,1.95652,35
Aug,SC3_B3,16.42,SC3_B3_L,1/31/22,26.47222222,28.04348,-1.57125778,36
Aug,SC3_B4,16.42,SC3_B4_L,1/31/22,22.95555556,28.04348,-5.08792444,45
Aug,SC3_C1,16.42,SC3_C1_L,1/31/22,33.34693878,28.04348,5.30345878,49
Aug,SC3_C2,16.42,SC3_C2_L,1/31/22,36.08,28.04348,8.03652,25
Aug,SC3_C3,16.42,SC3_C3_L,1/31/22,28.1509434,28.04348,0.1074634,53
Aug,SC3_C4,16.42,SC3_C4_L,1/31/22,31.94339623,28.04348,3.89991623,53
Aug,PTD4_A1,16.42,PTD4_A1_L,1/31/22,34.66666667,28.52174,6.14492667,18
Aug,PTD4_A2,16.42,PTD4_A2_L,1/31/22,45,28.52174,16.47826,1
Aug,PTD4_A3,16.42,PTD4_A3_L,1/31/22,35.2,28.52174,6.67826,5
Aug,PTD4_A4,16.42,PTD4_A4_L,1/31/22,37.6,28.52174,9.07826,10
Aug,PTD4_B1,16.42,PTD4_B1_L,1/31/22,43,28.52174,14.47826,1
Aug,PTD4_B2,16.42,PTD4_B2_L,1/31/22,30.37142857,28.52174,1.84968857,35
Aug,PTD4_B3,16.42,PTD4_B3_L,1/31/22,0,28.52174,-28.52174,0
Aug,PTD4_B4,16.42,PTD4_B4_L,1/31/22,22,28.52174,-6.52174,12
Aug,PTD4_C1,16.42,PTD4_C1_L,1/31/22,24.36585366,28.52174,-4.15588634,41
Aug,PTD4_C3,16.42,PTD4_C3_L,1/31/22,32.5,28.52174,3.97826,8
Aug,PTD4_C4,16.42,PTD4_C4_L,1/31/22,30.5,28.52174,1.97826,12
Aug,RMR4_A1,16.42,RMR4_A1_L,1/31/22,34.21875,26.673913,7.544837,32
Aug,RMR4_A2,16.42,RMR4_A2_L,1/31/22,18.88636364,26.673913,-7.78754936,44
Aug,RMR4_A3,16.42,RMR4_A3_L,1/31/22,32.39393939,26.673913,5.72002639,33
Aug,RMR4_A4,16.42,RMR4_A4_L,1/31/22,31.97222222,26.673913,5.29830922,36
Aug,RMR4_B2,16.42,RMR4_B2_L,1/31/22,31.86486486,26.673913,5.19095186,37
Aug,RMR4_B1,16.42,RMR4_B1_L,1/31/22,29.08333333,26.673913,2.40942033,36
Aug,RMR4_B3,16.42,RMR4_B3_L,1/31/22,17.75,26.673913,-8.923913,16
Aug,RMR4_B4,16.42,RMR4_B4_L,1/31/22,39.2,26.673913,12.526087,10
Aug,RMR4_C1,16.42,RMR4_C1_L,1/31/22,42.75,26.673913,16.076087,16
Aug,RMR4_C2,16.42,RMR4_C2_L,1/31/22,40.42857143,26.673913,13.75465843,14
Aug,RMR4_C3,16.42,RMR4_C3_L,1/31/22,44,26.673913,17.326087,5
Aug,RMR4_C3B,16.42,RMR4_C3B_L,1/31/22,26,26.673913,-0.673913,4
Aug,RMR4_C4,16.42,RMR4_C4_L,1/31/22,41,26.673913,14.326087,1
Aug,RMR4_C4,16.42,RMR4_C4_L,1/31/22,36,26.673913,9.326087,9
Aug,SC1_A1,16.42,SC1_A1_L,1/31/22,0,28.04348,-28.04348,0
Aug,SC1_A2,16.42,SC1_A2_L,1/31/22,30.16923077,28.04348,2.12575077,65
Aug,SC1_A3,16.42,SC1_A3_L,1/31/22,42.16666667,28.04348,14.12318667,12
Aug,SC1_A4,16.42,SC1_A4_L,1/31/22,36.80769231,28.04348,8.76421231,26
Aug,SC1_B1,16.42,SC1_B1_L,1/31/22,30.05555556,28.04348,2.01207556,36
Aug,SC1_B2,16.42,SC1_B2_L,1/31/22,34.82608696,28.04348,6.78260696,23
Aug,SC1_B3,16.42,SC1_B3_L,1/31/22,0,28.04348,-28.04348,0
Aug,SC1_B4,16.42,SC1_B4_L,1/31/22,40.8,28.04348,12.75652,20
Aug,SC1_B4B,16.42,SC1_B4B_L,1/31/22,21.69767442,28.04348,-6.34580558,43
Aug,SC1_C1,16.42,SC1_C1_L,1/31/22,37.32352941,28.04348,9.28004941,34
Aug,SC1_C2,16.42,SC1_C2_L,1/31/22,29.43661972,28.04348,1.39313972,71
Aug,SC1_C3,16.42,SC1_C3_L,1/31/22,28.75384615,28.04348,0.71036615,65
Aug,SC1_C4,16.42,SC1_C4_L,1/31/22,22.82926829,28.04348,-5.21421171,41
Aug,BMR3_A1,16.42,BMR3_A1_L,1/31/22,19.47058824,30.80434,-11.33375176,56
Aug,BMR3_A2,16.42,BMR3_A2_L,1/31/22,29.88235294,30.80434,-0.92198706,17
Aug,BMR3_A3,16.42,BMR3_A3_L,1/31/22,24.36363636,30.80434,-6.44070364,22
Aug,BMR3_A4,16.42,BMR3_A4_L,1/31/22,28.09090909,30.80434,-2.71343091,22
Aug,BMR3_B1,16.42,BMR3_B1_L,1/31/22,29.12121212,30.80434,-1.68312788,33
Aug,BMR3_B2,16.42,BMR3_B2_L,1/31/22,26.45,30.80434,-4.35434,20
Aug,BMR3_B3,16.42,BMR3_B3_L,1/31/22,25.86111111,30.80434,-4.94322889,36
Aug,BMR3_B4,16.42,BMR3_B4_L,1/31/22,21.5,30.80434,-9.30434,30
Aug,BMR3_C1,16.42,BMR3_C1_L,1/31/22,42,30.80434,11.19566,10
Aug,BMR3_C2,16.42,BMR3_C2_L,1/31/22,15.54054054,30.80434,-15.26379946,37
Aug,BMR3_C3,16.42,BMR3_C3_L,1/31/22,21.67647059,30.80434,-9.12786941,34
Aug,BMR3_C4,16.42,BMR3_C4_L,1/31/22,23.15151515,30.80434,-7.65282485,33
Aug,SC4_A1,16.42,SC4_A1_L,1/31/22,14.51162791,28.04348,-13.53185209,43
Aug,SC4_A2,16.42,SC4_A2_L,1/31/22,24.875,28.04348,-3.16848,30
Aug,SC4_A3,16.42,SC4_A3_L,1/31/22,19.21621622,28.04348,-8.82726378,37
Aug,SC4_A4,16.42,SC4_A4_L,1/31/22,19.51282051,28.04348,-8.53065949,39
Aug,SC4_B1,16.42,SC4_B1_L,1/31/22,20.46428571,28.04348,-7.57919429,28
Aug,SC4_B2,16.42,SC4_B2_L,1/31/22,21.23076923,28.04348,-6.81271077,39
Aug,SC4_B3,16.42,SC4_B3_L,1/31/22,17.51219512,28.04348,-10.53128488,41
Aug,SC4_B4,16.42,SC4_B4_L,1/31/22,20.93333333,28.04348,-7.11014667,30
Aug,SC4_C1,16.42,SC4_C1_L,1/31/22,28.1,28.04348,0.05652,10
Aug,SC4_C2,16.42,SC4_C2_L,1/31/22,18.66666667,28.04348,-9.37681333,33
Aug,SC4_C3,16.42,SC4_C3_L,1/31/22,24.48571429,28.04348,-3.55776571,35
Aug,SC4_C4,16.42,SC4_C4_L,1/31/22,25,28.04348,-3.04348,41
Aug,RMR1_A1,16.42,RMR1_A1_L,1/31/22,19.74418605,26.673913,-6.92972695,43
Aug,RMR1_A2,16.42,RMR1_A2_L,1/31/22,26.82857143,26.673913,0.15465843,35
Aug,RMR1_A3,16.42,RMR1_A3_L,1/31/22,36.5,26.673913,9.826087,8
Aug,RMR1_A4,16.42,RMR1_A4_L,1/31/22,42,26.673913,15.326087,1
Aug,RMR1_A4B,16.42,RMR1_A4B_L,1/31/22,23.28947368,26.673913,-3.38443932,38
Aug,RMR1_B1,16.42,RMR1_B1_L,1/31/22,30.6,26.673913,3.926087,10
Aug,RMR1_B2,16.42,RMR1_B2_L,1/31/22,22.13207547,26.673913,-4.54183753,53
Aug,RMR1_B3,16.42,RMR1_B3_L,1/31/22,35.7,26.673913,9.026087,10
Aug,RMR1_B4,16.42,RMR1_B4_L,1/31/22,28.73076923,26.673913,2.05685623,26
Aug,RMR1_C1,16.42,RMR1_C1_L,1/31/22,29.22580645,26.673913,2.55189345,31
Aug,RMR1_C2,16.42,RMR1_C2_L,1/31/22,35.1,26.673913,8.426087,10
Aug,RMR1_C3,16.42,RMR1_C3_L,1/31/22,24.32352941,26.673913,-2.35038359,34
Aug,RMR1_C4,16.42,RMR1_C4_L,1/31/22,17.96875,26.673913,-8.705163,64
Aug,PTD5_A1,16.42,PTD5_A1_L,1/31/22,24.57142857,28.52174,-3.95031143,21
Aug,PTD5_A2,16.42,PTD5_A2_L,1/31/22,22.48979592,28.52174,-6.03194408,49
Aug,PTD5_A3,16.42,PTD5_A3_L,1/31/22,22.24528302,28.52174,-6.27645698,53
Aug,PTD5_A4,16.42,PTD5_A4_L,1/31/22,29.71428571,28.52174,1.19254571,14
Aug,PTD5_B1,16.42,PTD5_B1_L,1/31/22,24.25,28.52174,-4.27174,8
Aug,PTD5_B2,16.42,PTD5_B2_L,1/31/22,27.5,28.52174,-1.02174,30
Aug,PTD5_B3,16.42,PTD5_B3_L,1/31/22,26.78571429,28.52174,-1.73602571,28
Aug,PTD5_B4,16.42,PTD5_B4_L,1/31/22,23.05,28.52174,-5.47174,40
Aug,PTD5_C1,16.42,PTD5_C1_L,1/31/22,13.75,28.52174,-14.77174,17
Aug,PTD5_C2,16.42,PTD5_C2_L,1/31/22,32.96551724,28.52174,4.44377724,29
Aug,PTD5_C3,16.42,PTD5_C3_L,1/31/22,29.83333333,28.52174,1.31159333,30
Aug,PTD5_C4,16.42,PTD5_C4_L,1/31/22,31.42857143,28.52174,2.90683143,14